Workbook

Sheet Códigos detectados
A1: Código | B1: NOMBRE ARTICULO
A2: IPT-004180 | B2: =IFERROR(VLOOKUP(A2, NOMBRES!$A$2:$B$3000, 2, 0), "aa") -> TABLA PORTAPAPELES A4 AZUL COMIX
A3: IPT-004181 | B3: =IFERROR(VLOOKUP(A3, NOMBRES!$A$2:$B$3000, 2, 0), "aa") -> TABLA PORTAPAPELES A4 MARRON COMIX
A4: IPT-004188 | B4: =IFERROR(VLOOKUP(A4, NOMBRES!$A$2:$B$3000, 2, 0), "aa") -> MARCADOR DE PIZARRA ROJO COMIX
A5: IPT-004195 | B5: =IFERROR(VLOOKUP(A5, NOMBRES!$A$2:$B$3000, 2, 0), "aa") -> CLIP DE PAPEL 29MM STELL 150U COMIX
A6: IPT-004192 | B6: =IFERROR(VLOOKUP(A6, NOMBRES!$A$2:$B$3000, 2, 0), "aa") -> LAPIZ HB NEGRO 12U COMIX
A7: IPT-000005 | B7: =IFERROR(VLOOKUP(A7, NOMBRES!$A$2:$B$3000, 2, 0), "aa") -> ROLLO DE ETIQUETA ZEBRA 31X25MM 2000U
A8: IPT-004198 | B8: =IFERROR(VLOOKUP(A8, NOMBRES!$A$2:$B$3000, 2, 0), "aa") -> GOMA DE BORRAR BLANCO 6CM COMIX
A9: IPT-004199 | B9: =IFERROR(VLOOKUP(A9, NOMBRES!$A$2:$B$3000, 2, 0), "aa") -> REGLA TRANSPARENT 30CM COMIX
A10: IPT-000004 | B10: =IFERROR(VLOOKUP(A10, NOMBRES!$A$2:$B$3000, 2, 0), "aa") -> ROLLO TERMICO DE PUNTO DE VENTA 57X36MM
A11: MT-MP1512 | B11: =IFERROR(VLOOKUP(A11, NOMBRES!$A$2:$B$3000, 2, 0), "aa") -> SET DE ACUARELAS MOTARRO 12 COLORES
A12: IPT-004194 | B12: =IFERROR(VLOOKUP(A12, NOMBRES!$A$2:$B$3000, 2, 0), "aa") -> PERFORADORA 8CM BLANCO COMIX
A13: IPT-004204 | B13: =IFERROR(VLOOKUP(A13, NOMBRES!$A$2:$B$3000, 2, 0), "aa") -> CALCULADORA BLANCA COMIX
... A134: IPT-000003 | B134: =IFERROR(VLOOKUP(A134, NOMBRES!$A$2:$B$3000, 2, 0), "aa") -> ROLLO DE IMPRESORA FISCAL 80X65MM

Sheet NOMBRES
A1: Código de artículo | B1: Nombre del producto | C1: Nombre de búsqueda | D1: Tipo de producto | E1: Subtipo de producto | F1: Grupo de dimensiones de producto | G1: Tipo de producción
A2: AF-000001 | B2: FREEZER SKIMO 516L | C2: FREEZER SKIMO | D2: Artículo | E2: Producto | G2: L. MAT
A3: AF-000004 | B3: CESTAS NEGRAS FRESERAS | C3: CESTAS | D3: Artículo | E3: Producto | G3: L. MAT
A4: AF-000005 | B4: NEVERA EXHIBIDORA OSTER 226L | C4: NEVERA EXHIBIDORA OS | D4: Artículo | E4: Producto | G4: L. MAT
A5: AF-000006 | B5: CONTADORA DE BILLETES FALSO SILVER S3500 | C5: CONTADORA DE BILLETE | D5: Artículo | E5: Producto | G5: L. MAT
A6: AF-000007 | B6: SELLADORA DE 36CM MESA | C6: SELLADORA DE 36CM | D6: Artículo | E6: Producto | G6: L. MAT
A7: AF-000008 | B7: UPS POWER PLUS 1000VA | C7: UPS | D7: Artículo | E7: Producto | G7: L. MAT
A8: AF-000009 | B8: FREEZER SKIMO KX12ZQD | C8: FREEZER SKIMO | D8: Artículo | E8: Producto | G8: L. MAT
A9: AF-000010 | B9: NEVERA 2 PUERTAS SKIMO KX12HFC | C9: NEVERA 2 PUERTAS | D9: Artículo | E9: Producto | G9: L. MAT
A10: AF-000011 | B10: LED LIGHT FREEZER SKIMO | C10: LED LIGHT FREEZER | D10: Artículo | E10: Producto | G10: L. MAT
A11: AF-000012 | B11: FAN MOTOR FREEZER SKIMO | C11: FAN MOTOR SKIMO | D11: Artículo | E11: Producto | G11: L. MAT
A12: AF-000013 | B12: DIGITAL CONTROLLER SKIMO | C12: DIGITAL CONTROLLER S | D12: Artículo | E12: Producto | G12: L. MAT
A13: AF-000014 | B13: MAQUINA DE ALGODON DE AZUCAR | C13: MAQUINA DE ALGODON | D13: Artículo | E13: Producto | G13: L. MAT
... A68: AK-000261 | B68: VIANDA | C68: VIANDA | D68: Artículo | E68: Producto | G68: L. MAT
A69: AK-000273 | B69: CUBO DE ALMACENAMIENTO 90LT UNICOLOR | C69: CUBO DE ALMACENAMIEN | D69: Artículo | E69: Producto maestro | F69: C | G69: L. MAT
A70: AK-000276 | B70: CUBO DE ALMACENAMIENTO 90LT TRANSPARENTE | C70: CUBO DE ALMACENAMIEN | D70: Artículo | E70: Producto | G70: L. MAT
A71: AK-000302 | B71: CESTA DE ROPA | C71: CESTA DE ROPA | D71: Artículo | E71: Producto | G71: L. MAT
A72: AK-000308 | B72: BANCO PEQUEÑO UNICOLOR | C72: BANCO PEQUEÑO | D72: Artículo | E72: Producto maestro | F72: C | G72: L. MAT
A73: AK-000309 | B73: BANCO GRANDE UNICOLOR | C73: BANCO GRANDE | D73: Artículo | E73: Producto maestro | F73: C | G73: L. MAT
A74: AK-000326 | B74: TABLA DE CORTAR | C74: TABLA DE CORTAR | D74: Artículo | E74: Producto | G74: L. MAT
A75: AK-000332 | B75: JARRA DE CRISTAL | C75: JARRA DE CRISTAL | D75: Artículo | E75: Producto | G75: L. MAT
A76: AK-000348 | B76: CAJA DE CUBERTERIA | C76: CAJA DE CUBERTERIA | D76: Artículo | E76: Producto | G76: L. MAT
A77: AK-000349 | B77: CAJA DE CUBERTERIA | C77: CAJA DE CUBERTERIA | D77: Artículo | E77: Producto | G77: L. MAT
A78: AK-000351 | B78: CAJON DE PAN | C78: CAJON DE PAN | D78: Artículo | E78: Producto | G78: L. MAT
A79: AK-000358 | B79: COLADOR | C79: COLADOR | D79: Artículo | E79: Producto | G79: L. MAT
A80: AK-000384 | B80: VIANDA | C80: VIANDA | D80: Artículo | E80: Producto | G80: L. MAT
A81: AK-000394 | B81: VIANDA | C81: VIANDA | D81: Artículo | E81: Producto maestro | F81: C | G81: L. MAT
A82: AK-000405 | B82: ENVASE | C82: ENVASE | D82: Artículo | E82: Producto | G82: L. MAT
A83: AK-000429 | B83: ENVASE CON TAPA 22LT TRANSPARENTE | C83: ENVASE CON TAPA 22LT | D83: Artículo | E83: Producto | G83: L. MAT
A84: AK-000434 | B84: GANCHOS 4U | C84: GANCHOS 4U | D84: Artículo | E84: Producto | G84: L. MAT
A85: AK-000458 | B85: CESTA DE PICNIC | C85: CESTA DE PICNIC | D85: Artículo | E85: Producto | G85: L. MAT
A86: AK-000480 | B86: CESTA DE ROPA CUADRADA 41LT | C86: CESTA DE ROPA 41LT | D86: Artículo | E86: Producto maestro | F86: C | G86: L. MAT
A87: AK-000483 | B87: CAJA DE ALMACENAMIENTO 6LT | C87: CAJA DE ALMACENAMIEN | D87: Artículo | E87: Producto | G87: L. MAT
A88: AK-000494 | B88: CAJA DE ALMACENAMIENTO 50LT | C88: CAJA DE ALMACENAMIEN | D88: Artículo | E88: Producto | G88: L. MAT
A89: AK-000495 | B89: CONTENEDOR PARA ALMACENAMIENTO 50LT | C89: CONTENEDOR PARA ALMA | D89: Artículo | E89: Producto maestro | F89: C | G89: L. MAT
A90: AK-000500 | B90: ORGANIZADOR | C90: ORGANIZADOR | D90: Artículo | E90: Producto | G90: L. MAT
A91: AK-000508 | B91: BANCO GIRATORIO | C91: BANCO GIRATORIO | D91: Artículo | E91: Producto maestro | F91: C | G91: L. MAT
A92: AK-000514 | B92: ORGANIZADOR COLGANTE | C92: ORGANIZADOR COLGANTE | D92: Artículo | E92: Producto | G92: L. MAT
A93: AK-000516 | B93: ZAPATERIA | C93: ZAPATERIA | D93: Artículo | E93: Producto | G93: L. MAT
A94: AK-000537 | B94: TAZA CON TAPA | C94: TAZA CON TAPA | D94: Artículo | E94: Producto | G94: L. MAT
A95: AK-000539 | B95: TAZA CON TAPA | C95: TAZA CON TAPA | D95: Artículo | E95: Producto | G95: L. MAT
A96: AK-000540 | B96: TAZA CON DIVISIONES | C96: TAZA CON DIVISIONES | D96: Artículo | E96: Producto | G96: L. MAT
A97: AK-000543 | B97: PLATERA | C97: PLATERA | D97: Artículo | E97: Producto | G97: L. MAT
A98: AK-000546 | B98: TAZA CON TAPA | C98: TAZA CON TAPA | D98: Artículo | E98: Producto | G98: L. MAT
A99: AK-000553 | B99: CEPILLO DE BARRER 17CM | C99: CEPILLO DE BARRER 17 | D99: Artículo | E99: Producto | G99: L. MAT
A100: AK-000554 | B100: CEPILLO DE INODORO CON BASE | C100: CEPILLO DE INODORO | D100: Artículo | E100: Producto | G100: L. MAT
A101: AK-000564 | B101: PAPELERA DE COCINA | C101: PAPELERA DE COCINA | D101: Artículo | E101: Producto | G101: L. MAT
A102: AK-000565 | B102: TAZA PUDIN | C102: TAZA PUDIN | D102: Artículo | E102: Producto | G102: L. MAT
A103: AK-000566 | B103: TAZA DE TORTAS | C103: TAZA DE TORTAS | D103: Artículo | E103: Producto | G103: L. MAT
A104: AK-000567 | B104: RECIPIENTE DE BATIDO | C104: RECIPIENTE DE BATIDO | D104: Artículo | E104: Producto | G104: L. MAT
A105: AK-000589 | B105: CESTA DE PLÁSTICO 26LT | C105: CESTA DE PLÁSTICO 26 | D105: Artículo | E105: Producto maestro | F105: C | G105: L. MAT
A106: AK-000608 | B106: SET DE PAPELERAS | C106: SET DE PAPELERAS | D106: Artículo | E106: Producto | G106: L. MAT
A107: AK-000609 | B107: CESTA PEQUEÑA CON DIVISIÓN | C107: CESTA PEQUEÑA CON DI | D107: Artículo | E107: Producto maestro | F107: C | G107: L. MAT
A108: AK-000615 | B108: TAZA CON TAPA | C108: TAZA CON TAPA | D108: Artículo | E108: Producto | G108: L. MAT
A109: AK-000623 | B109: CAJA DE ALMACENAMIENTO | C109: CAJA DE ALMACENAMIEN | D109: Artículo | E109: Producto | G109: L. MAT
A110: AK-000624 | B110: CAJA DE ALMACENAMIENTO | C110: CAJA DE ALMACENAMIEN | D110: Artículo | E110: Producto | G110: L. MAT
A111: AK-000631 | B111: SILLA DE NIÑO | C111: SILLA DE NIÑO | D111: Artículo | E111: Producto | G111: L. MAT
A112: AK-000633 | B112: MESA PLEGABLE | C112: MESA PLEGABLE | D112: Artículo | E112: Producto | G112: L. MAT
A113: AK-000636 | B113: ORGANIZADOR | C113: ORGANIZADOR | D113: Artículo | E113: Producto | G113: L. MAT
A114: AK-000639 | B114: SILLA DE NIÑO | C114: SILLA DE NIÑO | D114: Artículo | E114: Producto maestro | F114: C | G114: L. MAT
A115: AK-000660 | B115: SET DE TAZAS | C115: SET DE TAZAS | D115: Artículo | E115: Producto | G115: L. MAT
A116: AK-000672 | B116: SET DE TAZAS | C116: SET DE TAZAS | D116: Artículo | E116: Producto | G116: L. MAT
A117: AK-000685 | B117: TABLA DE CORTE FLEXI | C117: TABLA DE CORTE FLEXI | D117: Artículo | E117: Producto | G117: L. MAT
A118: AK-000690 | B118: CEPILLO PARA PLATOS | C118: CEPILLO PARA PLATOS | D118: Artículo | E118: Producto | G118: L. MAT
A119: AK-000702 | B119: CESTA PLEGABLE | C119: CESTA PLEGABLE | D119: Artículo | E119: Producto | G119: L. MAT
A120: AK-000715 | B120: VASO CON PITILLO 450ML | C120: VASO CON PITILLO | D120: Artículo | E120: Producto | G120: L. MAT
A121: AK-000716 | B121: VASO CON PITILLO | C121: VASO CON PITILLO | D121: Artículo | E121: Producto | G121: L. MAT
A122: AK-000717 | B122: VASO CON PITILLO | C122: VASO CON PITILLO | D122: Artículo | E122: Producto | G122: L. MAT
A123: AK-000731 | B123: JOYERO | C123: JOYERO | D123: Artículo | E123: Producto | G123: L. MAT
A124: AK-000735 | B124: CONTENEDOR 80LT | C124: CONTENEDOR 80LT | D124: Artículo | E124: Producto | G124: L. MAT
A125: AK-000737 | B125: CUBO DE BASURA 5LT | C125: CUBO DE BASURA 5LT | D125: Artículo | E125: Producto maestro | F125: C | G125: L. MAT
A126: AK-000738 | B126: CUBO DE BASURA N3 8LT | C126: CUBO DE BASURA N3 8L | D126: Artículo | E126: Producto maestro | F126: C | G126: L. MAT
A127: AK-000748 | B127: PAPELERA CON TAPA N4 18LT | C127: PAPELERA CON TAPA N4 | D127: Artículo | E127: Producto maestro | F127: C | G127: L. MAT
A128: AK-000749 | B128: PAPELERA CON TAPA N5 32LT | C128: PAPELERA CON TAPA N5 | D128: Artículo | E128: Producto maestro | F128: C | G128: L. MAT
A129: AK-000762 | B129: TABLA DE CORTAR | C129: TABLA DE CORTAR | D129: Artículo | E129: Producto | G129: L. MAT
A130: AK-000764 | B130: EMBUDO | C130: EMBUDO | D130: Artículo | E130: Producto | G130: L. MAT
A131: AK-000787 | B131: MACETA 7 5LT | C131: MACETA 7 5LT | D131: Artículo | E131: Producto | G131: L. MAT
A132: AK-00095 | B132: CAJA DE ALMACENAMIENTO 50LT | C132: CAJA DE ALMACENAMIEN | D132: Artículo | E132: Producto | G132: L. MAT
A133: AK-00480 | B133: CESTA DE ROPA | C133: CESTA DE ROPA | D133: Artículo | E133: Producto | G133: L. MAT
A134: AL-000010 | B134: NUTRO NICE COCO 50G 1X4X12U | C134: NUTRO NICE 50G | D134: Artículo | E134: Producto | G134: L. MAT
A135: AL-000011 | B135: NUTRO MALTnMILK 50G 1X4X12U | C135: NUTRO MALTNMILK 50G | D135: Artículo | E135: Producto | G135: L. MAT
A136: AL-000012 | B136: GOOD DAY CHOCOCHIP 44G 1X48 | C136: GOOD DAY CHOCOCHIP | D136: Artículo | E136: Producto | G136: L. MAT
A137: AL-000013 | B137: GOOD DAY CHOCOCHIP 120G 1X24 | C137: GOOD DAY CHOCOCHIP | D137: Artículo | E137: Producto | G137: L. MAT
A138: AL-000014 | B138: NUTRO CR CHOCOLATE 60G 1X24 | C138: NUTRO CR CHOCOLATE | D138: Artículo | E138: Producto | G138: L. MAT
A139: AL-000015 | B139: NUTRO CR VAINILLA 60G 1X24 | C139: NUTRO CR VANILLA 60G | D139: Artículo | E139: Producto | G139: L. MAT
A140: AL-000016 | B140: NUTRO CR NARANJA 60G 1X24 | C140: NUTRO CR ORANGE 60G | D140: Artículo | E140: Producto | G140: L. MAT
... A354: BE-000017C | B354: BEBIDA OASIS 600ML NARANJA 12U | C354: BEBIDA OASIS 600ML | D354: Artículo | E354: Producto | G354: L. MAT
A355: BE-000022 | B355: BEBIDA SKIMO 1L 8U | C355: BEBIDA SKIMO 1L 8U | D355: Artículo | E355: Producto maestro | F355: E | G355: L. MAT
A356: BE-000032 | B356: BEBIDA SKIMO ICE TEA 1L 8U | C356: BEBIDA SKIMO ICE TEA | D356: Artículo | E356: Producto maestro | F356: E | G356: L. MAT
A357: BE-000039 | B357: BEBIDA SKIMO PAPELIM 1L 8U | C357: BEBIDA SKIMO PAPELIM | D357: Artículo | E357: Producto | G357: L. MAT
A358: BE-000042 | B358: BEBIDA AGUA OASIS 10L | C358: AGUA OASIS 10L | D358: Artículo | E358: Producto | G358: L. MAT
A359: BE-000043 | B359: BEBIDA AGUA OASIS 12L | C359: AGUA OASIS 12L | D359: Artículo | E359: Producto | G359: L. MAT
A360: BG-000344 | B360: PLATO DE CRISTAL 1200ML | C360: PLATO DE CRISTAL | D360: Artículo | E360: Producto | G360: L. MAT
A361: BG-000366 | B361: SOPORTE PARA UTENSIL | C361: SOPORTE PARA UTENSIL | D361: Artículo | E361: Producto | G361: L. MAT
A362: BG-000406 | B362: PLATO CUADRADO | C362: PLATO CUADRADO | D362: Artículo | E362: Producto | G362: L. MAT
A363: BG-000444 | B363: LONCHERA | C363: LONCHERA | D363: Artículo | E363: Producto | G363: L. MAT
A364: BG-000447 | B364: VIANDA CON DIVISION | C364: VIANDA CON DIVISION | D364: Artículo | E364: Producto | G364: L. MAT
A365: BG-000470 | B365: SET DE CUCHARA 10PC | C365: SET DE CUCHARA | D365: Artículo | E365: Producto | G365: L. MAT
A366: BG-000472 | B366: SET DE CUCHILLOS 10 | C366: SET DE CUCHILLOS | D366: Artículo | E366: Producto | G366: L. MAT
A367: BT-000002 | B367: BOTELLÓN DE 18L CON ASA AZUL | C367: BOTELLÓN DE 18L CON | D367: Artículo | E367: Producto | G367: Ninguno
...
